{
  "n_subjects": 32,
  "n_epochs": 30279,
  "stage_accuracy": 0.7902176425905744,
  "stage_macro_f1": 0.6044355433668643,
  "stage_balanced_accuracy": 0.5818376669837196,
  "fusion_accuracy": 0.7529310743419532,
  "fusion_macro_f1": 0.6461899193384883,
  "fusion_balanced_accuracy": 0.7210932964104908,
  "fusion_better_folds": 17,
  "equal_folds": 0,
  "stage_confusion_matrix": [
    [
      3436,
      451,
      1010,
      0,
      132
    ],
    [
      222,
      366,
      484,
      0,
      130
    ],
    [
      431,
      404,
      16271,
      351,
      577
    ],
    [
      11,
      0,
      956,
      365,
      0
    ],
    [
      175,
      114,
      904,
      0,
      3489
    ]
  ],
  "fusion_confusion_matrix": [
    [
      3329,
      1242,
      379,
      4,
      75
    ],
    [
      155,
      803,
      163,
      0,
      81
    ],
    [
      521,
      1618,
      14280,
      1012,
      603
    ],
    [
      21,
      0,
      293,
      1018,
      0
    ],
    [
      98,
      797,
      416,
      3,
      3368
    ]
  ],
  "stage_classification_report": {
    "Wake": {
      "precision": 0.8037426900584795,
      "recall": 0.6832372241002187,
      "f1-score": 0.7386070507308684,
      "support": 5029.0
    },
    "N1": {
      "precision": 0.27415730337078653,
      "recall": 0.30449251247920134,
      "f1-score": 0.2885297595585337,
      "support": 1202.0
    },
    "N2": {
      "precision": 0.8290955414012738,
      "recall": 0.9022402129311301,
      "f1-score": 0.8641227860537986,
      "support": 18034.0
    },
    "N3": {
      "precision": 0.5097765363128491,
      "recall": 0.27402402402402404,
      "f1-score": 0.3564453125,
      "support": 1332.0
    },
    "REM": {
      "precision": 0.8061460258780037,
      "recall": 0.745194361384024,
      "f1-score": 0.774472807991121,
      "support": 4682.0
    },
    "accuracy": 0.7902176425905744,
    "macro avg": {
      "precision": 0.6445836194042787,
      "recall": 0.5818376669837196,
      "f1-score": 0.6044355433668642,
      "support": 30279.0
    },
    "weighted avg": {
      "precision": 0.7852592919223184,
      "recall": 0.7902176425905744,
      "f1-score": 0.7842308133053775,
      "support": 30279.0
    }
  },
  "fusion_classification_report": {
    "Wake": {
      "precision": 0.8072259941804074,
      "recall": 0.6619606283555379,
      "f1-score": 0.7274117775592702,
      "support": 5029.0
    },
    "N1": {
      "precision": 0.18004484304932736,
      "recall": 0.668053244592346,
      "f1-score": 0.28364535499823385,
      "support": 1202.0
    },
    "N2": {
      "precision": 0.9194514197411628,
      "recall": 0.7918376400133081,
      "f1-score": 0.8508863399374348,
      "support": 18034.0
    },
    "N3": {
      "precision": 0.4997545409916544,
      "recall": 0.7642642642642643,
      "f1-score": 0.6043336301573167,
      "support": 1332.0
    },
    "REM": {
      "precision": 0.816089168887812,
      "recall": 0.719350704826997,
      "f1-score": 0.7646724940401862,
      "support": 4682.0
    },
    "accuracy": 0.7529310743419532,
    "macro avg": {
      "precision": 0.6445131933700728,
      "recall": 0.7210932964104908,
      "f1-score": 0.6461899193384883,
      "support": 30279.0
    },
    "weighted avg": {
      "precision": 0.8370138666080222,
      "recall": 0.7529310743419532,
      "f1-score": 0.7836833717411688,
      "support": 30279.0
    }
  }
}